inName,payment_reference,months_paid,amount,payment_date
Youssef El Mansouri,PAY-XAJI0Y,1,€20,2025-10-19
Sarah Bennani,PAY-PBHSAH,5,€100,2025-10-14
Omar Zahiri,PAY-HV3A3Z,3,€60,2025-10-05
Leila Rifai,PAY-H1DNMM,1,€20,2025-10-02
Amine Amrani,PAY-0T9NT3,3,€60,2025-10-19
Mariam Ouahbi,PAY-GCX194,4,€80,2025-10-09
Nabil Slaoui,PAY-Q4FMYZ,1,€20,2025-10-20
Rania El Idrissi,PAY-WTIQJ7,2,€40,2025-10-22
Hassan Hakimi,PAY-L1C32O,1,€20,2025-10-30
Sana Bouazizi,PAY-75LXO6,3,€60,2025-10-09
Karim Chafai,PAY-F0T0PV,3,€60,2025-10-05
Amina Karti,PAY-SDBDW2,3,€60,2025-10-03
Ibrahim Ould,PAY-NVQJT7,1,€20,2025-10-22
Fatima Tazi,PAY-511MKF,1,€20,2025-10-24
Rachid Mouline,PAY-5JSG65,1,€20,2025-10-21
Imane Toumi,PAY-SHNF87,5,€100,2025-10-11
Said Barakat,PAY-REN93I,1,€20,2025-10-19
Nora Fassi,PAY-8DRC11,1,€20,2025-10-16
Bilal Bouchareb,PAY-8FSV87,6,€120,2025-10-07
Khadija Moktari,PAY-ZOYN6Q,1,€20,2025-10-03
